source_file,intervention_name,intervention_category,n_total,n_success,success_rate_percent,followup_weeks,is_refractory,is_rct,dose_intensity,combo_therapy,oracle_vibe_score,outcome_type,prior_treatment,fistula_complexity,study_year,confidence_score,effective,stringency_score,stringency_x_vibe,stringency_x_refractory,adjusted_vibe,is_refractory_cohort,previous_biologic_failure,stringency_rating,dropout_rate,concomitant_meds_allowed,blinding,has_placebo_arm,analysis_type,primary_endpoint_type,extraction_confidence,exclusion_reason,sample_size,success_percentage,is_valid_trial,num_healed,data_source,success_class,blinding_Double-Blind,blinding_Open-Label,blinding_Single-Blind,blinding_Unknown,cat_Antibiotic,cat_Biologic,cat_Combination,cat_Other,cat_Small_Molecule,cat_Stem_Cell,cat_Surgical,intervention_category_Antibiotic,intervention_category_Biologic,intervention_category_Combination,intervention_category_Other,intervention_category_Small_Molecule,intervention_category_Stem_Cell,intervention_category_Surgical,blinding_Double-Blind.1,blinding_Open-Label.1,blinding_Single-Blind.1,blinding_Unknown.1,analysis_type_ITT,analysis_type_Modified-ITT,analysis_type_Per-Protocol,analysis_type_Unknown,primary_endpoint_type_Clinical,primary_endpoint_type_Combined,primary_endpoint_type_Endoscopic,primary_endpoint_type_Radiological,primary_endpoint_type_Unknown,study_group,sample_weight,is_small_cohort
Verstockt_2018_New_treatment_options_for_inflammatory_bowel_disea_PMC5910475.pdf,ustekinumab,Biologic,1154.0,0.0,40.0,0.0,0.0,1.0,Standard,0.0,70.0,Clinical,mixed,Unknown,2018.0,80.0,0.0,1.0,0.7,0.0,63.00000000000001,0.0,0.0,0.0,0.0,1.0,Unknown,0.0,Unknown,Unknown,Legacy,,1154.0,,,,legacy,0,False,False,False,True,False,True,False,False,False,False,False,False,True,False,False,False,False,False,False,False,False,True,False,False,False,True,False,False,False,False,True,dda4594a6de3,0.5197780927386666,0
Hao_2020_Laparoscopic_bowel_resection_combined_with_inflixi_PMC7670938.pdf,Laparoscopic bowel resection combined with infliximab treatment,Combination,106.0,0.0,70.0,156.0,0.0,1.0,Unknown,1.0,60.0,Clinical,unknown,Unknown,2020.0,80.0,0.0,1.0,0.6,0.0,54.00000000000001,0.0,0.0,0.0,0.0,1.0,Unknown,0.0,Unknown,Unknown,Legacy,,106.0,,,,legacy,0,False,False,False,True,False,False,True,False,False,False,False,False,False,True,False,False,False,False,False,False,False,True,False,False,False,True,False,False,False,False,True,0317dec83861,0.5,0
Brar_2020_Does_antibiotic_therapy_prevent_fistula_in-ano_aft_PMC7458676.pdf,Oral metronidazole and ciprofloxacin,Antibiotic,299.0,155.0,51.84,12.0,0.0,1.0,Standard,1.0,70.0,Fistula_Closure,unknown,Simple,2017.0,90.0,0.0,1.0,0.7,0.0,63.00000000000001,0.0,0.0,0.0,0.0,1.0,Unknown,0.0,Unknown,Unknown,Legacy,,299.0,,,,legacy,0,False,False,False,True,True,False,False,False,False,False,False,True,False,False,False,False,False,False,False,False,False,True,False,False,False,True,False,False,False,False,True,8e97e02c3b17,0.5,0
Chen_2022_Treatment_of_anal_fistula_using_a_decellularized_p_PMC9302366.pdf,VIDASIS anal fistula plug,Biologic,186.0,171.0,92.0,26.0,0.0,1.0,Unknown,0.0,70.0,Fistula_Closure,unknown,Unknown,2022.0,90.0,1.0,1.0,0.7,0.0,63.00000000000001,0.0,0.0,0.0,0.0,1.0,Unknown,0.0,Unknown,Unknown,Legacy,,186.0,,,,legacy,0,False,False,False,True,False,True,False,False,False,False,False,False,True,False,False,False,False,False,False,False,False,True,False,False,False,True,False,False,False,False,True,34ae41b7feec,0.5,0
Ebach_2024_High_Body_Mass_Index_and_Response_to_Anti-Tumor_Ne_PMC11150092.pdf,Anti-TNF Therapy,Biologic,224.0,0.0,40.0,0.0,0.0,1.0,Standard,1.0,50.0,Clinical,unknown,Unknown,2024.0,75.0,0.0,1.0,0.5,0.0,45.00000000000001,0.0,0.0,0.0,0.0,1.0,Unknown,0.0,Unknown,Unknown,Legacy,,224.0,,,,legacy,0,False,False,False,True,False,True,False,False,False,False,False,False,True,False,False,False,False,False,False,False,False,True,False,False,False,True,False,False,False,False,True,e5c465f6138f,0.5,0
Zou_2025_Adipose-derived_stem_cell_therapies_for_complex_an_PMC12418780.pdf,Adipose-derived stem cells (ASCs),Stem_Cell,1056.0,561.0,53.125,52.0,0.0,1.0,Unknown,1.0,80.0,Fistula_Closure,mixed,Complex,2025.0,90.0,0.0,1.0,0.8,0.0,72.00000000000001,0.0,0.0,0.0,0.0,1.0,Unknown,0.0,Unknown,Unknown,Legacy,,1056.0,,,,legacy,0,False,False,False,True,False,False,False,False,False,True,False,False,False,False,False,False,True,False,False,False,False,True,False,False,False,True,False,False,False,False,True,93e9fc504801,0.5132427269853156,0
Tang_2023_Efficacy_and_safety_of_vedolizumab_in_the_treatmen_PMC10203751.pdf,Vedolizumab,Biologic,4865.0,0.0,20.0,0.0,1.0,1.0,Unknown,0.0,70.0,Clinical,anti_tnf_failure,Unknown,2023.0,85.0,0.0,1.0,0.7,1.0,63.00000000000001,0.0,0.0,0.0,0.0,1.0,Unknown,0.0,Unknown,Unknown,Legacy,,4865.0,,,,legacy,0,False,False,False,True,False,True,False,False,False,False,False,False,True,False,False,False,False,False,False,False,False,True,False,False,False,True,False,False,False,False,True,4ca86c1b7db0,0.6257828505474287,0
Sutcliffe_2019_Novel_Microbial-Based_Immunotherapy_Approach_for_C_PMC6659126.pdf,QBECO,Biologic,68.0,28.0,41.2,16.0,0.0,1.0,Standard,0.0,70.0,Clinical,mixed,Unknown,2019.0,90.0,0.0,1.0,0.7,0.0,63.00000000000001,0.0,0.0,0.0,0.0,1.0,Unknown,0.0,Unknown,Unknown,Legacy,,68.0,,,,legacy,0,False,False,False,True,False,True,False,False,False,False,False,False,True,False,False,False,False,False,False,False,False,True,False,False,False,True,False,False,False,False,True,7defbf61c3ff,0.5,0
Ciccocioppo_2019_Systematic_review_with_meta-analysis_Safety_and_ef_PMC6586577.pdf,local injections of mesenchymal stem cells,Stem_Cell,696.0,557.0,80.0,26.0,0.0,1.0,Unknown,0.0,80.0,Fistula_Closure,mixed,Complex,2019.0,90.0,1.0,1.0,0.8,0.0,72.00000000000001,0.0,0.0,0.0,0.0,1.0,Unknown,0.0,Unknown,Unknown,Legacy,,696.0,,,,legacy,0,False,False,False,True,False,False,False,False,False,True,False,False,False,False,False,False,True,False,False,False,False,True,False,False,False,True,False,False,False,False,True,a59a925ae334,0.5,0
Stidham_2014_Systematic_review_with_network_meta-analysis_the_e_PMC7006346.pdf,anti-TNF agents,Biologic,3000.0,0.0,40.0,0.0,0.0,1.0,Unknown,0.0,70.0,Clinical,unknown,Unknown,2014.0,80.0,0.0,1.0,0.7,0.0,63.00000000000001,0.0,0.0,0.0,0.0,1.0,Unknown,0.0,Unknown,Unknown,Legacy,,3000.0,,,,legacy,0,False,False,False,True,False,True,False,False,False,False,False,False,True,False,False,False,False,False,False,False,False,True,False,False,False,True,False,False,False,False,True,6f2d44644f9c,0.5901578133597153,0
Joos_2021_Enteral_resorbable_diet_versus_standard_diet_in_pr_PMC8195750.pdf,Fistulectomy with primary sphincter reconstruction,Surgical,66.0,64.0,96.97,0.0,0.0,1.0,Unknown,0.0,60.0,Clinical,unknown,Mixed,2021.0,90.0,1.0,1.0,0.6,0.0,54.00000000000001,0.0,0.0,0.0,0.0,1.0,Unknown,0.0,Unknown,Unknown,Legacy,,66.0,,,,legacy,0,False,False,False,True,False,False,False,False,False,False,True,False,False,False,False,False,False,True,False,False,False,True,False,False,False,True,False,False,False,False,True,c769b4521506,0.5,0
Pena_2009_Interferon_beta-1a_for_the_maintenance_of_remissio_PMC2674451.pdf,Interferon beta-1a,Biologic,67.0,20.0,29.9,26.0,0.0,1.0,Standard,0.0,40.0,Clinical,unknown,Unknown,2009.0,80.0,0.0,1.0,0.4,0.0,36.00000000000001,0.0,0.0,0.0,0.0,1.0,Unknown,0.0,Unknown,Unknown,Legacy,,67.0,,,,legacy,0,False,False,False,True,False,True,False,False,False,False,False,False,True,False,False,False,False,False,False,False,False,True,False,False,False,True,False,False,False,False,True,70c06ae66420,0.5,0
Jain_2012_Comparison_of_a_fistulectomy_and_a_fistulotomy_wit_PMC3349814.pdf,Fistulotomy with Marsupialization,Surgical,40.0,20.0,100.0,12.0,0.0,1.0,Unknown,0.0,70.0,Clinical,unknown,Simple,2012.0,90.0,1.0,1.0,0.7,0.0,63.00000000000001,0.0,0.0,0.0,0.0,1.0,Unknown,0.0,Unknown,Unknown,Legacy,,40.0,,,,legacy,0,False,False,False,True,False,False,False,False,False,False,True,False,False,False,False,False,False,True,False,False,False,True,False,False,False,True,False,False,False,False,True,4308f7da622b,0.5,0
Burisch_2020_Risk_for_development_of_inflammatory_bowel_disease_PMC7252630.pdf,IL-17 antagonists,Biologic,14390.0,11.0,0.076,0.0,0.0,1.0,Unknown,0.0,50.0,Clinical,unknown,Unknown,2020.0,70.0,0.0,1.0,0.5,0.0,45.00000000000001,0.0,0.0,0.0,0.0,1.0,Unknown,0.0,Unknown,Unknown,Legacy,,14390.0,,,,legacy,0,False,False,False,True,False,True,False,False,False,False,False,False,True,False,False,False,False,False,False,False,False,True,False,False,False,True,False,False,False,False,True,2d18faba71aa,0.7057066901740254,0
Wang_2025_Can_Mesenchymal_Stem_Cell-derived_Exosomes_Pave_th_PMC12307020.pdf,Mesenchymal Stem Cell-derived Exosomes (MSC-Exos),Stem_Cell,28.0,23.0,82.14,52.0,1.0,1.0,Standard,0.0,80.0,Fistula_Closure,anti_tnf_failure,Complex,2024.0,90.0,1.0,1.0,0.8,1.0,72.00000000000001,0.0,0.0,0.0,0.0,1.0,Unknown,0.0,Unknown,Unknown,Legacy,,28.0,,,,legacy,0,False,False,False,True,False,False,False,False,False,True,False,False,False,False,False,False,True,False,False,False,False,True,False,False,False,True,False,False,False,False,True,91c1833d9316,0.5,1
Kaneko_2025_Efficacy_and_safety_of_IL-23p19_and_IL-1223p40_inh_PMC12677037.pdf,IL-23p19 and IL-12/23p40 inhibitors,Biologic,4834.0,0.0,45.0,64.0,0.0,1.0,Unknown,0.0,70.0,Clinical,unknown,Unknown,2025.0,85.0,0.0,1.0,0.7,0.0,63.00000000000001,0.0,0.0,0.0,0.0,1.0,Unknown,0.0,Unknown,Unknown,Legacy,,4834.0,,,,legacy,0,False,False,False,True,False,True,False,False,False,False,False,False,True,False,False,False,False,False,False,False,False,True,False,False,False,True,False,False,False,False,True,d090adfda168,0.6253117742832724,0
Panes_2016_Stem_Cell_Therapy_for_Perianal_Fistulas_in_Crohn's_PMC5114507.pdf,Mesenchymal Stem Cells,Stem_Cell,10.0,7.0,70.0,52.0,0.0,1.0,Standard,0.0,70.0,Fistula_Closure,mixed,Mixed,2016.0,85.0,1.0,1.0,0.7,0.0,63.00000000000001,0.0,0.0,0.0,0.0,1.0,Unknown,0.0,Unknown,Unknown,Legacy,,10.0,,,,legacy,0,False,False,False,True,False,False,False,False,False,True,False,False,False,False,False,False,True,False,False,False,False,True,False,False,False,True,False,False,False,False,True,ccb81b6b6aaf,0.5,1
Bouhuys_2021_Efficacy_of_anti-TNF_dosing_interval_lengthening_i_PMC8572401.pdf,anti-TNF dosing interval lengthening,Biologic,148.0,0.0,40.0,48.0,0.0,1.0,Standard,0.0,60.0,Clinical,unknown,Unknown,2021.0,85.0,0.0,1.0,0.6,0.0,54.00000000000001,0.0,0.0,0.0,0.0,1.0,Unknown,0.0,Unknown,Unknown,Legacy,,148.0,,,,legacy,0,False,False,False,True,False,True,False,False,False,False,False,False,True,False,False,False,False,False,False,False,False,True,False,False,False,True,False,False,False,False,True,e56c114a5d71,0.5,0
Garcia-Arranz_2020_Autologous_adipose-derived_stem_cells_for_the_trea_PMC7031651.pdf,Autologous adipose-derived stem cells (ASCs),Stem_Cell,44.0,23.0,52.3,104.0,0.0,1.0,High,1.0,70.0,Fistula_Closure,unknown,Complex,2019.0,90.0,0.0,1.0,0.7,0.0,63.00000000000001,0.0,0.0,0.0,0.0,1.0,Unknown,0.0,Unknown,Unknown,Legacy,,44.0,,,,legacy,0,False,False,False,True,False,False,False,False,False,True,False,False,False,False,False,False,True,False,False,False,False,True,False,False,False,True,False,False,False,False,True,d7def8eae79c,0.5,0
Singh_2025_Treat-to-target_of_endoscopic_remission_in_patient_PMC11962770.pdf,Advanced therapy,Biologic,250.0,0.0,50.0,104.0,0.0,1.0,Unknown,0.0,60.0,Clinical,unknown,Unknown,2025.0,80.0,0.0,1.0,0.6,0.0,54.00000000000001,0.0,0.0,0.0,0.0,1.0,Unknown,0.0,Unknown,Unknown,Legacy,,250.0,,,,legacy,0,False,False,False,True,False,True,False,False,False,False,False,False,True,False,False,False,False,False,False,False,False,True,False,False,False,True,False,False,False,False,True,d9d6e2b52c8c,0.5,0
Gorski_2025_Biological_Therapy_and_Small_Molecules_for_Adults__PMC12424525.pdf,Biological Therapy and Small Molecules,Biologic,16113.0,0.0,40.0,0.0,0.0,1.0,Unknown,0.0,70.0,Clinical,mixed,Unknown,2025.0,85.0,0.0,1.0,0.7,0.0,63.00000000000001,0.0,0.0,0.0,0.0,1.0,Unknown,0.0,Unknown,Unknown,Legacy,,16113.0,,,,legacy,0,False,False,False,True,False,True,False,False,False,False,False,False,True,False,False,False,False,False,False,False,False,True,False,False,False,True,False,False,False,False,True,6bb3a39d7417,0.714041991080269,0
Danese_2019_Randomised_trial_and_open-label_extension_study_of_PMC6839832.pdf,PF-04236921,Biologic,249.0,247.0,49.3,28.0,1.0,1.0,Standard,0.0,70.0,Clinical,anti_tnf_failure,Unknown,2017.0,90.0,0.0,1.0,0.7,1.0,63.00000000000001,0.0,0.0,0.0,0.0,1.0,Unknown,0.0,Unknown,Unknown,Legacy,,249.0,,,,legacy,0,False,False,False,True,False,True,False,False,False,False,False,False,True,False,False,False,False,False,False,False,False,True,False,False,False,True,False,False,False,False,True,e42d07a481b8,0.5,0
Kumar_2022_Lithotomy_versus_prone_position_for_perianal_surge_PMC9021856.pdf,Jackknife prone position,Surgical,60.0,30.0,100.0,0.0,0.0,1.0,Standard,0.0,80.0,Clinical,unknown,Mixed,2022.0,90.0,1.0,1.0,0.8,0.0,72.00000000000001,0.0,0.0,0.0,0.0,1.0,Unknown,0.0,Unknown,Unknown,Legacy,,60.0,,,,legacy,0,False,False,False,True,False,False,False,False,False,False,True,False,False,False,False,False,False,True,False,False,False,True,False,False,False,True,False,False,False,False,True,1a46949cd784,0.5,0
Cao_2021_Efficacy_of_stem_cells_therapy_for_Crohn's_fistula_PMC7792029.pdf,Stem Cells,Stem_Cell,1252.0,773.0,61.75,12.0,0.0,1.0,Standard,0.0,80.0,Fistula_Closure,mixed,Complex,2021.0,95.0,1.0,1.0,0.8,0.0,72.00000000000001,0.0,0.0,0.0,0.0,1.0,Unknown,0.0,Unknown,Unknown,Legacy,,1252.0,,,,legacy,0,False,False,False,True,False,False,False,False,False,True,False,False,False,False,False,False,True,False,False,False,False,True,False,False,False,True,False,False,False,False,True,fe72b9b40bfd,0.5257808957838775,0
Quinn_2025_Fistulotomy_versus_fistulectomy_for_simple_fistula_PMC12227843.pdf,Fistulotomy versus Fistulectomy,Surgical,1373.0,685.0,49.89,0.0,0.0,1.0,Standard,0.0,60.0,Fistula_Closure,unknown,Simple,2025.0,80.0,0.0,1.0,0.6,0.0,54.00000000000001,0.0,0.0,0.0,0.0,1.0,Unknown,0.0,Unknown,Unknown,Legacy,,1373.0,,,,legacy,0,False,False,False,True,False,False,False,False,False,False,True,False,False,False,False,False,False,True,False,False,False,True,False,False,False,True,False,False,False,False,True,ce99691d6708,0.5325757048705877,0
Gosavi_2025_Mesenchymal_Stem_Cell_Therapy_for_Perianal_Crohn's_PMC12571946.pdf,Mesenchymal Stem Cell Therapy,Stem_Cell,212.0,109.0,51.5,24.0,0.0,1.0,Unknown,0.0,60.0,Clinical,unknown,Complex,2025.0,90.0,0.0,1.0,0.6,0.0,54.00000000000001,0.0,0.0,0.0,0.0,1.0,Unknown,0.0,Unknown,Unknown,Legacy,,212.0,,,,legacy,0,False,False,False,True,False,False,False,False,False,True,False,False,False,False,False,False,True,False,False,False,False,True,False,False,False,True,False,False,False,False,True,975785bdbf55,0.5,0
Patel_2025_A_Randomized_Controlled_Trial_Comparing_Laser_Vers_PMC12445065.pdf,Laser Surgery vs Open Surgery,Surgical,100.0,41.0,82.0,12.0,0.0,1.0,Unknown,0.0,60.0,Fistula_Closure,unknown,Mixed,2025.0,95.0,1.0,1.0,0.6,0.0,54.00000000000001,0.0,0.0,0.0,0.0,1.0,Unknown,0.0,Unknown,Unknown,Legacy,,100.0,,,,legacy,0,False,False,False,True,False,False,False,False,False,False,True,False,False,False,False,False,False,True,False,False,False,True,False,False,False,True,False,False,False,False,True,9a47805df579,0.5,0
van_2022_Fibrosis_and_MAGNIFI-CD_Activity_Index_at_Magnetic_PMC9228904.pdf,anti-TNF or surgical closure,Combination,50.0,25.0,50.0,52.0,0.0,1.0,Unknown,1.0,70.0,Fistula_Closure,unknown,Complex,2022.0,90.0,0.0,1.0,0.7,0.0,63.00000000000001,0.0,0.0,0.0,0.0,1.0,Unknown,0.0,Unknown,Unknown,Legacy,,50.0,,,,legacy,0,False,False,False,True,False,False,True,False,False,False,False,False,False,True,False,False,False,False,False,False,False,True,False,False,False,True,False,False,False,False,True,da5e2c977b0f,0.5,0
Zhang_2025_A_randomized_controlled_trial_of_trans-intersphinc_PMC12479394.pdf,trans-intersphincteric double seton (TRISDS),Surgical,106.0,43.0,78.2,52.0,0.0,1.0,Unknown,0.0,80.0,Clinical,unknown,Unknown,2025.0,90.0,1.0,1.0,0.8,0.0,72.00000000000001,0.0,0.0,0.0,0.0,1.0,Unknown,0.0,Unknown,Unknown,Legacy,,106.0,,,,legacy,0,False,False,False,True,False,False,False,False,False,False,True,False,False,False,False,False,False,True,False,False,False,True,False,False,False,True,False,False,False,False,True,bebda5e2d238,0.5,0
Rezk_2022_Ligation_of_Intersphincteric_Fistula_Tract_(LIFT)__PMC9184453.pdf,Ligation of Intersphincteric Fistula Tract (LIFT) with or Without Injection of Bone Marrow Mononuclear Cells,Combination,70.0,48.0,68.6,10.0,0.0,1.0,Unknown,1.0,60.0,Fistula_Closure,unknown,Complex,2022.0,95.0,1.0,1.0,0.6,0.0,54.00000000000001,0.0,0.0,0.0,0.0,1.0,Unknown,0.0,Unknown,Unknown,Legacy,,70.0,,,,legacy,0,False,False,False,True,False,False,True,False,False,False,False,False,False,True,False,False,False,False,False,False,False,True,False,False,False,True,False,False,False,False,True,6520f5e05cc0,0.5,0
Nema_2020_Efficacy_of_iGuggului_and_iShallakii_based_iKshara_PMC9261991.pdf,Guggulu and Shallaki based Ksharasutra with Triphala Guggulu orally,Combination,46.0,44.0,95.65,0.0,0.0,1.0,Standard,1.0,70.0,Clinical,unknown,Unknown,2020.0,80.0,1.0,1.0,0.7,0.0,63.00000000000001,0.0,0.0,0.0,0.0,1.0,Unknown,0.0,Unknown,Unknown,Legacy,,46.0,,,,legacy,0,False,False,False,True,False,False,True,False,False,False,False,False,False,True,False,False,False,False,False,False,False,True,False,False,False,True,False,False,False,False,True,09e415a0bc78,0.5,0
Oubaha_2025_Predictive_Factors_of_Autologous_Bone_Marrow-Deriv_PMC12372545.pdf,Autologous Bone Marrow-Derived Mesenchymal Stem Cell Therapy,Stem_Cell,8.0,3.0,37.5,24.0,1.0,1.0,Standard,1.0,70.0,Clinical,mixed,Complex,2025.0,90.0,0.0,1.0,0.7,1.0,63.00000000000001,0.0,0.0,0.0,0.0,1.0,Unknown,0.0,Unknown,Unknown,Legacy,,8.0,,,,legacy,0,False,False,False,True,False,False,False,False,False,True,False,False,False,False,False,False,True,False,False,False,False,True,False,False,False,True,False,False,False,False,True,a0147fb76cf4,0.5,1
Guillo_2025_Efficacy_of_mesenchymal_stem_cell-based_therapies__PMC11951560.pdf,Mesenchymal stem cell-based therapies,Stem_Cell,596.0,345.0,57.9,26.0,1.0,1.0,Unknown,0.0,70.0,Clinical,anti_tnf_failure,Complex,2025.0,90.0,0.0,1.0,0.7,1.0,63.00000000000001,0.0,0.0,0.0,0.0,1.0,Unknown,0.0,Unknown,Unknown,Legacy,,596.0,,,,legacy,0,False,False,False,True,False,False,False,False,False,True,False,False,False,False,False,False,True,False,False,False,False,True,False,False,False,True,False,False,False,False,True,318255ab894f,0.5,0
Anan_2019_Fistulotomy_with_or_without_marsupialisation_of_wo_PMC6667946.pdf,Fistulotomy with or without marsupialisation,Surgical,60.0,60.0,100.0,6.0,0.0,1.0,Unknown,0.0,70.0,Fistula_Closure,unknown,Simple,2019.0,90.0,1.0,1.0,0.7,0.0,63.00000000000001,0.0,0.0,0.0,0.0,1.0,Unknown,0.0,Unknown,Unknown,Legacy,,60.0,,,,legacy,0,False,False,False,True,False,False,False,False,False,False,True,False,False,False,False,False,False,True,False,False,False,True,False,False,False,True,False,False,False,False,True,08ee29e5c8a2,0.5,0
Wang_2012_Traditional_Chinese_surgical_treatment_for_anal_fi_PMC3484338.pdf,Suture dragging combined with pad compression (SDPC),Surgical,60.0,57.0,95.0,4.0,0.0,1.0,Standard,0.0,70.0,Clinical,unknown,Complex,2012.0,90.0,1.0,1.0,0.7,0.0,63.00000000000001,0.0,0.0,0.0,0.0,1.0,Unknown,0.0,Unknown,Unknown,Legacy,,60.0,,,,legacy,0,False,False,False,True,False,False,False,False,False,False,True,False,False,False,False,False,False,True,False,False,False,True,False,False,False,True,False,False,False,False,True,4ed546018043,0.5,0
Wang_2022_A_Disposable_Nitinol_Memory_Alloy_Anal_Fistula_Cli_PMC9568451.pdf,Nitinol memory alloy anal fistula clip (AFC),Surgical,51.0,23.0,92.0,26.0,0.0,1.0,Standard,0.0,70.0,Fistula_Closure,unknown,Complex,2022.0,90.0,1.0,1.0,0.7,0.0,63.00000000000001,0.0,0.0,0.0,0.0,1.0,Unknown,0.0,Unknown,Unknown,Legacy,,51.0,,,,legacy,0,False,False,False,True,False,False,False,False,False,False,True,False,False,False,False,False,False,True,False,False,False,True,False,False,False,True,False,False,False,False,True,8dee4327a964,0.5,0
Becker_2024_Perianal__PMC7476637.pdf,Chronic Seton Drainage vs Anti-TNF vs Surgical Closure,Combination,44.0,19.0,43.18,52.0,0.0,1.0,Standard,1.0,50.0,Fistula_Closure,unknown,Complex,2020.0,90.0,0.0,1.0,0.5,0.0,45.00000000000001,0.0,0.0,0.0,0.0,1.0,Unknown,0.0,Unknown,Unknown,Legacy,,44.0,,,,legacy,0,False,False,False,True,False,False,True,False,False,False,False,False,False,True,False,False,False,False,False,False,False,True,False,False,False,True,False,False,False,False,True,1b180303322e,0.5,0
Zhou_2020_Autologous_adipose-derived_stem_cells_for_the_trea_PMC7079384.pdf,Autologous adipose-derived stem cells,Stem_Cell,22.0,7.0,63.6,52.0,1.0,1.0,Unknown,0.0,70.0,Fistula_Closure,unknown,Complex,2020.0,90.0,1.0,1.0,0.7,1.0,63.00000000000001,0.0,0.0,0.0,0.0,1.0,Unknown,0.0,Unknown,Unknown,Legacy,,22.0,,,,legacy,0,False,False,False,True,False,False,False,False,False,True,False,False,False,False,False,False,True,False,False,False,False,True,False,False,False,True,False,False,False,False,True,e5481aceedc1,0.5,1
Awad_2023_A_comparative_study_between_high_ligation_of_the_i_PMC10413541.pdf,High ligation of the inter-sphincteric fistula tract by lateral approach (modified LIFT) vs Fistulotomy and primary sphincteroplasty (FIPS),Surgical,80.0,67.0,83.75,52.0,0.0,1.0,Unknown,0.0,70.0,Fistula_Closure,unknown,Complex,2023.0,90.0,1.0,1.0,0.7,0.0,63.00000000000001,0.0,0.0,0.0,0.0,1.0,Unknown,0.0,Unknown,Unknown,Legacy,,80.0,,,,legacy,0,False,False,False,True,False,False,False,False,False,False,True,False,False,False,False,False,False,True,False,False,False,True,False,False,False,True,False,False,False,False,True,5e4823e9ab00,0.5,0
Gulsever_2025_Apicoectomy_versus_apical_curettage_in_combination_PMC11890632.pdf,"Apicoectomy, Apical Curettage, L-PRF",Combination,64.0,0.0,90.0,52.0,0.0,1.0,Standard,1.0,70.0,Radiological,unknown,Unknown,2025.0,85.0,1.0,1.0,0.7,0.0,63.00000000000001,0.0,0.0,0.0,0.0,1.0,Unknown,0.0,Unknown,Unknown,Legacy,,64.0,,,,legacy,0,False,False,False,True,False,False,True,False,False,False,False,False,False,True,False,False,False,False,False,False,False,True,False,False,False,True,False,False,False,False,True,c1903297fdd7,0.5,0
Nelson_2021_Anal_Fistula__PMC11559975.pdf,Cutting of the intersphincteric space (COIS),Surgical,72.0,35.0,97.22,52.0,0.0,1.0,Standard,0.0,80.0,Clinical,unknown,Complex,2024.0,90.0,1.0,1.0,0.8,0.0,72.00000000000001,0.0,0.0,0.0,0.0,1.0,Unknown,0.0,Unknown,Unknown,Legacy,,72.0,,,,legacy,0,False,False,False,True,False,False,False,False,False,False,True,False,False,False,False,False,False,True,False,False,False,True,False,False,False,True,False,False,False,False,True,d88787ea587e,0.5,0
Nakamura_2021_Multilayered_Human_Skeletal_Muscle_Myoblast_Sheets_PMC8076781.pdf,Multilayered Human Skeletal Muscle Myoblast Sheet,Stem_Cell,60.0,30.0,50.0,4.0,0.0,1.0,Unknown,0.0,70.0,Clinical,unknown,Unknown,2021.0,90.0,0.0,1.0,0.7,0.0,63.00000000000001,0.0,0.0,0.0,0.0,1.0,Unknown,0.0,Unknown,Unknown,Legacy,,60.0,,,,legacy,0,False,False,False,True,False,False,False,False,False,True,False,False,False,False,False,False,True,False,False,False,False,True,False,False,False,True,False,False,False,False,True,8aa913280d1c,0.5,0
A_2010_Randomized_controlled_trial_of_minimally_invasive__PMC2900719.pdf,Acellular Dermal Matrix,Surgical,90.0,37.0,82.22,24.0,0.0,1.0,Unknown,0.0,70.0,Fistula_Closure,unknown,Complex,2010.0,90.0,1.0,1.0,0.7,0.0,63.00000000000001,0.0,0.0,0.0,0.0,1.0,Unknown,0.0,Unknown,Unknown,Legacy,,90.0,,,,legacy,0,False,False,False,True,False,False,False,False,False,False,True,False,False,False,False,False,False,True,False,False,False,True,False,False,False,True,False,False,False,False,True,dbce94d4df72,0.5,0
Sigall_2025_Tryptophan_metabolites_profile_predict_remission_w_PMC11863242.pdf,CDED + PEN or EEN,Combination,26.0,19.0,73.08,6.0,0.0,1.0,Unknown,1.0,70.0,Clinical,unknown,Unknown,2025.0,90.0,1.0,1.0,0.7,0.0,63.00000000000001,0.0,0.0,0.0,0.0,1.0,Unknown,0.0,Unknown,Unknown,Legacy,,26.0,,,,legacy,0,False,False,False,True,False,False,True,False,False,False,False,False,False,True,False,False,False,False,False,False,False,True,False,False,False,True,False,False,False,False,True,60137440c43e,0.5,1
Al_2021_Comparative_study_between_intersphinecteric_ligati_PMC7804334.pdf,Ligation of Intersphincteric Fistula Tract (LIFT) vs Conventional Fistulotomy,Surgical,30.0,12.0,80.0,26.0,0.0,1.0,Unknown,0.0,70.0,Fistula_Closure,unknown,Simple,2021.0,90.0,1.0,1.0,0.7,0.0,63.00000000000001,0.0,0.0,0.0,0.0,1.0,Unknown,0.0,Unknown,Unknown,Legacy,,30.0,,,,legacy,0,False,False,False,True,False,False,False,False,False,False,True,False,False,False,False,False,False,True,False,False,False,True,False,False,False,True,False,False,False,False,True,651548bdef13,0.5,1
Linares-Gil_2018_Topical_Analgesia_with_Lidocaine_Plus_Diclofenac_D_PMC6250696.pdf,CLIFE1 (Lidocaine + Diclofenac),Combination,120.0,42.0,35.0,1.0,0.0,1.0,Standard,1.0,70.0,Clinical,unknown,Unknown,2018.0,85.0,0.0,1.0,0.7,0.0,63.00000000000001,0.0,0.0,0.0,0.0,1.0,Unknown,0.0,Unknown,Unknown,Legacy,,120.0,,,,legacy,0,False,False,False,True,False,False,True,False,False,False,False,False,False,True,False,False,False,False,False,False,False,True,False,False,False,True,False,False,False,False,True,1beef34c3655,0.5,0
Rafati_2018_Human_Amniotic_Membrane_Effect_on_Perianal_Fistula_PMC6123562.pdf,Human Amniotic Membrane (HAM) with Endorectal Flap (ERF),Biologic,14.0,6.0,42.86,3.0,0.0,1.0,Standard,1.0,70.0,Fistula_Closure,unknown,Complex,2018.0,85.0,0.0,1.0,0.7,0.0,63.00000000000001,0.0,0.0,0.0,0.0,1.0,Unknown,0.0,Unknown,Unknown,Legacy,,14.0,,,,legacy,0,False,False,False,True,False,True,False,False,False,False,False,False,True,False,False,False,False,False,False,False,False,True,False,False,False,True,False,False,False,False,True,44187d7079d8,0.5,1
Morini_2025_Impact_of_Pancreatic_Stump_Wrapping_with_Mesh_on_P_PMC12472175.pdf,Pancreatic Stump Wrapping with Mesh,Surgical,1042.0,430.0,41.27,0.0,0.0,1.0,Unknown,0.0,70.0,Fistula_Closure,unknown,Unknown,2025.0,90.0,0.0,1.0,0.7,0.0,63.00000000000001,0.0,0.0,0.0,0.0,1.0,Unknown,0.0,Unknown,Unknown,Legacy,,1042.0,,,,legacy,0,False,False,False,True,False,False,False,False,False,False,True,False,False,False,False,False,False,True,False,False,False,True,False,False,False,True,False,False,False,False,True,00855d11c22b,0.5122599392461223,0
Reinisch_2024_Efficacy_and_Safety_of_Filgotinib_for_the_Treatmen_PMC11147792.pdf,Filgotinib,Biologic,57.0,8.0,47.1,24.0,1.0,1.0,High,0.0,60.0,Fistula_Closure,anti_tnf_failure,Mixed,2024.0,90.0,0.0,1.0,0.6,1.0,54.00000000000001,0.0,0.0,0.0,0.0,1.0,Unknown,0.0,Unknown,Unknown,Legacy,,57.0,,,,legacy,0,False,False,False,True,False,True,False,False,False,False,False,False,True,False,False,False,False,False,False,False,False,True,False,False,False,True,False,False,False,False,True,378ddbbb8ebc,0.5,0
PMC7476637_Treatment_of_Perianal_Fistulas_in_Crohns.pdf,"Seton Drainage, Anti-TNF, Surgical Closure",Combination,44.0,,60.0,78.0,,1.0,,,,,,,,,,,,,,0.0,0.0,3.0,0.0,1.0,Open-Label,0.0,ITT,Clinical,High,,44.0,0.0,True,,titan,0,False,True,False,False,False,False,True,False,False,False,False,False,False,True,False,False,False,False,False,True,False,False,True,False,False,False,True,False,False,False,False,0b686d35846a,0.5,0
PMC7487310_Famous_Tri_Impact_of_early_anti-TNF_use_on_cli.pdf,Infliximab or Adalimumab,Biologic,1207.0,,39.5,0.0,,1.0,,,,,,,,,,,,,,0.0,0.0,1.0,0.0,1.0,Unknown,0.0,Unknown,Clinical,Medium,,1207.0,0.0,True,,titan,0,False,False,False,True,False,True,False,False,False,False,False,False,True,False,False,False,False,False,False,False,False,True,False,False,False,True,True,False,False,False,False,03418fe19708,0.5230850573292853,0
PMC9717550_Combinatio_Efficacy_of_ustekinumab_vedolizumab.pdf,"Ustekinumab, Vedolizumab, Second anti-TNF agent",Combination,203.0,,40.0,118.0,,1.0,,,,,,,,,,,,,,1.0,1.0,1.0,0.0,1.0,Unknown,0.0,Unknown,Clinical,Medium,,203.0,0.0,True,,titan,0,False,False,False,True,False,False,True,False,False,False,False,False,False,True,False,False,False,False,False,False,False,True,False,False,False,True,True,False,False,False,False,3aeb2ac55276,0.5,0
PMC11831650_Famous_Tri_Therapeutic_drug_monitoring_and_imm.pdf,Adalimumab,Biologic,70.0,,33.0,0.0,,1.0,,,,,,,,,,,,,,0.0,0.0,2.0,0.0,1.0,Open-Label,0.0,Unknown,Unknown,Medium,,70.0,0.0,True,,titan,0,False,True,False,False,False,True,False,False,False,False,False,False,True,False,False,False,False,False,False,True,False,False,False,False,False,True,False,False,False,False,True,2e6c8c33aa33,0.5,0
PMC11416362_Combinatio_Efficacy_and_safety_of_infliximab_a.pdf,Infliximab + Adalimumab,Combination,56.0,,40.0,14.0,,1.0,,,,,,,,,,,,,,0.0,0.0,2.0,0.0,1.0,Open-Label,0.0,Unknown,Clinical,Medium,,56.0,0.0,True,,titan,0,False,True,False,False,False,False,True,False,False,False,False,False,False,True,False,False,False,False,False,True,False,False,False,False,False,True,True,False,False,False,False,58404866e95b,0.5,0
PMC3186726_Biologics__Efficacy_and_safety_of_adalimumab_i.pdf,Adalimumab,Biologic,304.0,,60.0,24.0,,1.0,,,,,,,,,,,,,,1.0,1.0,3.0,0.0,1.0,Open-Label,0.0,ITT,Clinical,High,,304.0,0.0,True,,titan,0,False,True,False,False,False,True,False,False,False,False,False,False,True,False,False,False,False,False,False,True,False,False,True,False,False,False,True,False,False,False,False,7b05974ea31f,0.5,0
PMC9826487_Famous_Tri_Long-term_effectiveness_of_ustekinu.pdf,Ustekinumab,Biologic,1382.0,,40.0,104.0,,1.0,,,,,,,,,,,,,,0.0,0.0,1.0,0.0,1.0,Unknown,0.0,Unknown,Clinical,Medium,,1382.0,0.0,True,,titan,0,False,False,False,True,False,True,False,False,False,False,False,False,True,False,False,False,False,False,False,False,False,True,False,False,False,True,True,False,False,False,False,e56d27aef15d,0.5330569339256239,0
PMC10004749_Combinatio_A_Single-Center_Study_of_Long-Term.pdf,Vedolizumab,Biologic,39.0,,25.0,104.0,,1.0,,,,,,,,,,,,,,1.0,1.0,2.0,0.0,1.0,Open-Label,0.0,Unknown,Clinical,Medium,,39.0,0.0,True,,titan,0,False,True,False,False,False,True,False,False,False,False,False,False,True,False,False,False,False,False,False,True,False,False,False,False,False,True,True,False,False,False,False,e93bd9a89398,0.5,0
PMC11992071_Combinatio_Nationwide_study_on_clinical_impact.pdf,Anti-TNF agents,Biologic,481.0,,40.0,0.0,,1.0,,,,,,,,,,,,,,0.0,0.0,1.0,0.0,1.0,Unknown,0.0,Unknown,Clinical,Medium,,481.0,0.0,True,,titan,0,False,False,False,True,False,True,False,False,False,False,False,False,True,False,False,False,False,False,False,False,False,True,False,False,False,True,True,False,False,False,False,7aeca9d962dd,0.5,0
PMC10233395_Combinatio_Early_Initiation_of_Antitumor_Necro.pdf,Anti-TNF agents,Biologic,223.0,,39.5,104.0,,1.0,,,,,,,,,,,,,,1.0,1.0,2.0,0.0,1.0,Open-Label,0.0,Unknown,Combined,Medium,,223.0,0.0,True,,titan,0,False,True,False,False,False,True,False,False,False,False,False,False,True,False,False,False,False,False,False,True,False,False,False,False,False,True,False,True,False,False,False,169c70c659da,0.5,0
PMC11608450_Combinatio_Reverse_switching_from_the_biosimil.pdf,Infliximab,Biologic,95.0,,41.0,48.0,,1.0,,,,,,,,,,,,,,0.0,0.0,2.0,14.7,1.0,Open-Label,0.0,Unknown,Clinical,High,,95.0,0.0,True,,titan,0,False,True,False,False,False,True,False,False,False,False,False,False,True,False,False,False,False,False,False,True,False,False,False,False,False,True,True,False,False,False,False,9d2ef7c27d0e,0.5,0
PMC11968275_New_Agents_Effect_of_Risankizumab_Induction_an.pdf,Risankizumab,Biologic,850.0,,50.0,52.0,,1.0,,,,,,,,,,,,,,1.0,1.0,5.0,0.0,1.0,Double-Blind,1.0,ITT,Clinical,High,,850.0,0.0,True,,titan,0,True,False,False,False,False,True,False,False,False,False,False,False,True,False,False,False,False,False,True,False,False,False,True,False,False,False,True,False,False,False,False,0dfa9153d3d2,0.5,0
PMC12238940_Biologics__Real-World_Clinical_Effectiveness_a.pdf,Vedolizumab or Ustekinumab,Biologic,620.0,,25.0,156.0,,1.0,,,,,,,,,,,,,,0.0,0.0,2.0,0.0,1.0,Open-Label,0.0,Unknown,Combined,Medium,,620.0,0.0,True,,titan,0,False,True,False,False,False,True,False,False,False,False,False,False,True,False,False,False,False,False,False,True,False,False,False,False,False,True,False,True,False,False,False,e66cb34b4519,0.5,0
PMC12558576_Famous_Tri_Comparing_Outcomes_With_Subcutaneou.pdf,CT-P13 SC,Biologic,192.0,,40.0,102.0,,1.0,,,,,,,,,,,,,,1.0,0.0,5.0,0.0,1.0,Double-Blind,1.0,ITT,Clinical,High,,192.0,0.0,True,,titan,0,True,False,False,False,False,True,False,False,False,False,False,False,True,False,False,False,False,False,True,False,False,False,True,False,False,False,True,False,False,False,False,0c8cbcbff732,0.5,0
PMC12342735_Biologics__Estimation_of_the_Harvey_Bradshaw_I.pdf,Vedolizumab,Biologic,1102.0,,20.0,52.0,,1.0,,,,,,,,,,,,,,0.0,0.0,5.0,0.0,1.0,Double-Blind,1.0,ITT,Clinical,High,,1102.0,0.0,True,,titan,0,True,False,False,False,False,True,False,False,False,False,False,False,True,False,False,False,False,False,True,False,False,False,True,False,False,False,True,False,False,False,False,d974a6a0646b,0.5163826160454923,0
PMC12034324_Famous_Tri_Utilization_of_Antitumor_Necrosis_F.pdf,Infliximab + Adalimumab,Biologic,101.0,,39.5,260.0,,1.0,,,,,,,,,,,,,,0.0,0.0,1.0,0.0,1.0,Unknown,0.0,Unknown,Unknown,Medium,,101.0,0.0,True,,titan,0,False,False,False,True,False,True,False,False,False,False,False,False,True,False,False,False,False,False,False,False,False,True,False,False,False,True,False,False,False,False,True,86ad1daac87d,0.5,0
PMC10164858_Famous_Tri_Effects_of_visceral_adipose_tissue.pdf,Infliximab,Biologic,140.0,,41.0,52.0,,1.0,,,,,,,,,,,,,,0.0,0.0,2.0,0.0,1.0,Open-Label,0.0,Unknown,Clinical,Medium,,140.0,0.0,True,,titan,0,False,True,False,False,False,True,False,False,False,False,False,False,True,False,False,False,False,False,False,True,False,False,False,False,False,True,True,False,False,False,False,a23890e65f1f,0.5,0
